Metric,Value
MAE,0.5332001304956561
MSE,0.5558915986952438
RMSE,0.745581383012776
R2 Score,0.5757877060324512
